2	AD	
144568	AD	
8086	AR	
79719	AD	
16	AD,AR	
57505	AR	
10157	AR	
18	AR	
19	AD,AR	
26154	AR	
20	AR	
21	AR	
24	AD,AR	
23461	AR	
5243	AD	
8647	AR	
5244	AD,AR	
10058	AD	
22	XL	
4363	AD	
85320	AR	
1244	AD,AR	
368	AD,AR	
6833	AD,AR	
10060	AD	
215	XL	
5825	AR	
5826	AR	
64240	AR	
64241	AR	
26090	AR	
51099	AR	
25	AD	
27034	AR	
28976	AR	
34	AR	
35	AR	
36	AR	
37	AR	
176	AD	
38	AR	
91452	AR	
65057	AD,AR	
1636	AR	
55331	AR	
57007	AR	
50	AR	
51	AD	
8309	AR	
93650	AR	
54	AR	
197322	AR	
2182	XL	
58	AD,AR	
59	AD	
60	AD	
70	AD	
71	AD	
72	AD	
51412	AD,AR	
284382	AR	
87	AD	
88	AD	
89	AR	
81	AD	
90	AD	
93	AD	
94	AD	
95	AR	
100	AR	
51816	AR	
102	AD	
6868	AR	
53616	AR	
8754	AR	
81794	AR	
11093	AR	
170691	AR	
170692	AR	
9509	AR	
9508	AR	
9719	AR	
54507	AR	
103	AD,AR	
104	AR	
113179	AR	
107	AR	
55811	AD	
109	AR	
111	AD	
112	AR	
120	AR	
30817	AD	
9289	AR	
10149	XL	
57211	AR	
84059	AR	
132	AD	
23394	AD	
54936	AR	
151	AD	
152	AD	
153	AD	
154	AD	
158	AR	
122622	AR	
165	AR	
2334	XL	
3899	AD	
27125	AD	
10939	AD,AR	
174	AD,AR	
175	AR	
123624	AD	
60509	AR	
55750	AR	
178	AR	
179	XL	
10555	AR	
8540	AR	
375790	AR	
183	AR	
23287	AR	
185	AR	
186	XL	
189	AR	
64902	AR	
191	AR	
27245	AD	
54806	AR	
196	AR	
197	AR	
57379	AR	
9131	XL	
9255	AR	
7965	AR	
9049	AD	
23746	AD,AR	
326	AD,AR	
203	AR	
204	AR	
122481	AR	
10142	AD	
1646	AR	
6718	AR	
207	AD	
208	AD	
10000	AD	
210	AR	
212	XL	
213	AD,AR	
5832	AD,AR	
220	AR	
224	AR	
8659	AR	
7915	AR	
4329	AR	
501	AR	
226	AR	
229	AR	
56052	AR	
440138	AR	
79087	AR	
79868	XL	
199857	AR	
85365	AR	
10195	AR	
29929	AR	
79053	AR	
79796	AR	
238	AD	
91801	AR	
7840	AR	
242	AR	
240	AD	
59344	AR	
80216	AD	
57538	AD,AR	
249	AD,AR	
57679	AR	
259173	AD	
8092	AR	
257	AR	
60529	AD,AR	
23600	AR	
258	AR	
261	AR	
265	XL	
139285	XL	
268	AR	
269	AR	
9949	XL	
81693	AR	
270	AR	
271	AR	
272	AD,AR	
275	AR	
401138	AD	
64682	AR	
283	AD	
285	AD	
27329	AR	
286	AD,AR	
287	AD	
288	AR	
56172	AD	
23141	AR	
29123	AD	
22852	AD	
203286	AR	
54443	AD	
55129	AR	
63982	AD	
203859	AD	
196527	AR	
3730	XL	
84168	AD,AR	
118429	AR	
311	AD	
162	AR	
1174	AR	
8905	XL	
130340	AD	
1173	AD	
1175	AD	
8546	AR	
8120	AR	
8943	AR	
10717	AR	
23431	AD,AR	
9179	AR	
11154	AR	
9907	AR	
324	AD	
10297	AR	
147495	AD	
335	AD,AR	
336	AR	
116519	AD,AR	
338	AD,AR	
344	AR	
345	AD	
348	AD,AR	
351	AD	
26060	AD	
353	AR	
54840	AR	
359	AD,AR	
367	XL	
372	AD	
375	AD	
10564	AR	
383	AR	
57514	AD	
396	AR	
9138	AR	
9639	AD	
23370	AR	
9181	AR	
9459	XL	
23229	XL	
8289	AD	
57492	AD	
196528	AD	
200894	AR	
402	AD	
23568	AR	
403	AR	
84100	AR	
23204	AR	
84071	AR	
79798	AD	
80210	AR	
9915	AR	
10095	AR	
407	XL	
410	AR	
411	AR	
22901	AR	
415	XL	
64801	AR	
170302	XL	
427	AR	
136371	AD	
51008	AD	
429	AD	
55870	AD	
434	AD	
435	AR	
440	AR	
443	AR	
444	AR	
259266	AR	
151516	AD	
445	AR	
171023	AD	
55252	AD	
80816	AD	
84896	AR	
55210	AD,AR	
85300	AR	
22926	AR	
471	AR	
51062	AD	
25923	AD	
472	AD,AR	
1822	AD	
220202	AR	
286410	XL	
23400	AR	
476	AD	
477	AD	
478	AD	
487	AR	
488	AD	
492	XL	
27032	AD	
498	AR	
514	AR	
84833	AR	
537	XL	
10159	XL	
23545	AR	
50617	AR	
523	AR	
525	AR	
526	AD	
529	AR	
538	XL	
540	AR	
51761	AR	
5205	AD,AR	
91647	AR	
545	AD,AR	
546	XL	
6310	AD	
25814	AD	
6311	AD	
4287	AD	
6314	AD	
724066	AD	
6315	AD	
549	AR	
6795	AR	
26053	AD	
10677	AR	
551	AD,AR	
554	XL	
8312	AD	
8313	AD	
567	AR	
148789	AR	
126792	AR	
26229	AR	
145173	AR	
2583	AR	
2683	AR	
11285	AR	
11041	AR	
27077	AR	
80776	AR	
570	AR	
60468	AD	
9531	AD	
8815	AR	
8314	AD	
580	AD	
92482	AR	
582	AR	
79738	AR	
166379	AR	
583	AR	
585	AR	
129880	AR	
55212	AR	
27241	AR	
10134	XL	
587	AR	
590	AR	
593	AR	
594	AR	
10295	AR	
8915	AR	
53335	AD	
64919	AD	
53630	AD	
54880	XL	
63035	XL	
613	AD	
617	AR	
627	AD	
55814	AR	
146227	AD	
7439	AD	
631	AR	
8419	AD,AR	
633	XL	
727857	AR	
79365	AD	
80114	AD	
23299	AD	
274	AR	
640	AD	
641	AR	
29760	AR	
388552	AR	
63915	AR	
26258	AR	
644	AD,AR	
649	AR	
9210	XL	
650	AD	
652	AD	
168667	AR	
657	AD	
658	AD,AR	
659	AD	
9790	AD	
646	AD	
54796	AD	
388962	AR	
669	AD,AR	
54928	AR	
2186	AD	
673	AD	
221927	AR	
672	AD,AR	
675	AD,AR	
676	AR	
2972	AR	
83990	AD,AR	
7862	AD	
254065	XL	
26580	AR	
7809	AR	
686	AR	
54766	AR	
695	XL	
701	AD,AR	
11149	AR	
79703	AR	
57102	AR	
113246	AR	
91574	AR	
317761	AR	
83636	AD,AR	
712	AR	
713	AR	
708	AR	
714	AR	
114902	AD	
715	AD	
716	AD,AR	
717	AR	
26005	AR	
718	AD,AR	
721	AR	
727	AD,AR	
729	AR	
730	AR	
731	AR	
732	AR	
157657	AR	
735	AR	
203228	AD	
771	AR	
760	AR	
762	AD	
763	AR	
767	AR	
51475	AR	
57010	AR	
773	AD	
774	AD	
775	AD	
776	AD,AR	
777	AD	
778	XL	
8913	AD	
8912	AD	
779	AD	
9254	AR	
93589	AR	
783	AD	
785	AD	
10369	AD	
790	AR	
10203	AR	
801	AD	
805	AD	
808	AD	
125972	AD	
815	AD,AR	
816	AD	
818	AR	
23261	AD	
124583	AR	
823	AR	
6650	AR	
825	AD,AR	
726	AD	
84433	AD,AR	
79092	AD	
22900	AD	
64170	AR	
146206	AR	
833	AR	
79587	AR	
8573	XL	
843	AD	
23581	AR	
841	AR	
844	AD	
845	AR	
846	AD,AR	
831	AR	
847	AR	
117144	AR	
857	AD,AR	
859	AD	
284119	AR	
867	AD	
2694	AR	
875	AR	
84733	AR	
54862	AR	
57545	AR	
147372	AR	
388389	AR	
84317	AR	
339230	AD	
51244	AR	
28952	XL	
79140	AD	
90416	AR	
339829	AR	
55036	AR	
57003	AR	
152137	AD	
85478	AR	
124093	AD	
83987	AR	
55704	AR	
440193	AD,AR	
83605	AD	
8838	AR	
894	AD	
899	AD	
8812	AD	
10309	AR	
92002	XL	
22948	AR	
8763	AD	
930	AR	
50489	AD	
919	AR	
939	AR	
23607	AR	
51293	AR	
948	AR	
915	AR	
916	AR	
917	AR	
920	AR	
958	AR	
959	XL	
4179	AD,AR	
1604	AR	
966	AR	
970	AR	
973	AR	
974	AR	
975	AR	
925	AR	
10225	AD	
146059	AR	
8556	AR	
998	AD	
8318	AR	
990	AR	
79577	AD	
83879	AR	
999	AD	
1009	AR	
1013	AD	
1000	AD	
64072	AD,AR	
1001	AR	
92211	AR	
84529	AR	
8558	AR	
8621	AD	
23097	AD	
1019	AD	
1020	AR	
55755	AR	
1021	AR	
1024	AD	
6792	XL	
1027	AD	
1028	AD	
1029	AD	
50937	AD	
1041	AD,AR	
81620	AR	
388551	AD,AR	
1050	AD	
1053	AR	
1056	AD	
63036	AD	
9620	AD	
1062	AR	
1063	AR	
55835	AR	
80152	AR	
201134	AR	
153241	AR	
9662	AR	
22995	AR	
22897	AR	
84984	AR	
11190	AR	
80184	AR	
95681	AR	
55165	AR	
9702	AR	
80254	AR	
84131	AR	
51134	AR	
387119	AD	
375298	AR	
10715	AR	
204219	AR	
10087	AD	
1066	AD,AR	
1071	AD,AR	
144406	AR	
56683	AR	
755	AR	
80217	AR	
55779	AR	
286464	XL	
220136	AR	
149465	AD	
159686	AR	
255101	AR	
79846	AR	
118491	AR	
89876	AR	
629	AD,AR	
55997	AD	
1675	AR	
3075	AD,AR	
3078	AD,AR	
10878	AD,AR	
10877	AD,AR	
81494	AD	
3426	AD,AR	
1073	AR	
5199	XL	
1080	AR	
283489	AD	
1103	AR	
400916	AD	
51142	AD	
1105	AD	
1106	AD	
1107	AD	
1108	AD	
55636	AD	
57680	AD	
11200	AD,AR	
1118	AR	
1120	AR	
1121	XL	
5119	AR	
25978	AD	
128866	AD	
1123	AD	
11261	AR	
91851	XL	
1131	AR	
1134	AD,AR	
1135	AD	
1136	AR	
1137	AD	
1139	AD	
1140	AD,AR	
1141	AD	
1144	AD,AR	
1145	AD,AR	
1146	AR	
50515	AR	
113189	AR	
9469	AR	
4166	AR	
64377	AD	
22856	AR	
1147	AR	
10519	AR	
10518	AR	
137392	AR	
23152	AD	
63924	AR	
4261	AR	
22858	AD,AR	
493856	AR	
11113	AR	
10370	AD	
25792	AD	
150468	AR	
373073	AR	
23155	AR	
23529	AR	
1180	AD,AR	
1181	AD	
1183	XL	
1184	XL	
1185	AD	
1186	AD,AR	
1187	AR	
1188	AR	
9076	AR	
9071	AR	
5010	AR	
23562	AR	
10686	AR	
149461	AR	
9075	XL	
9080	AR	
64581	AR	
1193	XL	
53405	AR	
79827	AR	
1201	AR	
1203	AR	
54982	AR	
2055	AR	
10978	AR	
81570	AR	
8192	AR	
10845	AD	
7401	AR	
645104	AR	
1213	AD	
7555	AD	
1259	AR	
1261	AR	
1258	AR	
54714	AR	
22866	XL	
54805	AR	
26504	AR	
23019	AD	
4848	AD	
4849	AD	
1267	AR	
10695	AR	
1272	AR	
6900	AR	
8506	AR	
26047	AR	
28958	AR	
493753	AR	
388753	AR	
65260	AR	
84334	AR	
80347	AR	
1690	AR	
9382	AR	
22796	AR	
25839	AR	
10466	AR	
57511	AR	
91949	AR	
84342	AR	
1300	AD	
1301	AD,AR	
1302	AD,AR	
1303	AD,AR	
1305	AR	
1308	AD,AR	
80781	AD	
1277	AD	
1278	AD,AR	
84570	AR	
85301	AR	
1280	AD	
1281	AD,AR	
1282	AD	
1284	AD	
1285	AD,AR	
1286	AD,AR	
1287	XL	
1288	XL	
1289	AD	
1290	AD	
1291	AD,AR	
1292	AD,AR	
1293	AD,AR	
1294	AD,AR	
1296	AD	
1297	AR	
1298	AR	
1299	AD	
10584	AR	
78989	AR	
79709	AR	
8292	AR	
1311	AD	
1312	AD	
1314	AD	
1315	AD	
9276	AR	
27235	AR	
51117	AR	
84274	AR	
51004	AR	
10229	AR	
56997	AR	
79934	AR	
57017	AR	
10699	AD	
11151	AR	
1352	AR	
84987	AR	
1355	AR	
51241	AR	
116228	AR	
1327	AR	
84701	AR	
9377	AR	
1337	AR	
1339	AR	
1340	AR	
1349	XL	
1351	AR	
1356	AR	
57094	AR	
27151	AR	
1363	AR	
65250	AR	
10815	AR	
1369	AR	
1371	AD,AR	
1373	AR	
29894	AD	
1374	AR	
126129	AD	
1376	AR	
1380	AR	
8738	AR	
1384	AR	
23418	AD,AR	
286204	AR	
51185	AR	
90993	AR	
84699	AD	
1387	AD	
78987	AD	
9419	AR	
9244	AR	
729920	AR	
10491	AR	
1406	AD,AR	
1407	AD	
1409	AD,AR	
1410	AD	
1411	AD	
1412	AD	
1413	AD	
1414	AD,AR	
1415	AD	
1417	AD,AR	
1419	AD	
1420	AD	
1421	AD	
1427	AD	
1428	AD	
1436	AD,AR	
1438	XL	
1439	AR	
1441	AR	
55790	AR	
1453	AD	
1457	AD	
1460	AD	
79848	AR	
8048	AD	
1471	AD	
1474	AR	
1475	AR	
1476	AR	
1487	AD	
80169	AR	
10664	AD	
9150	AR	
1491	AR	
115908	AD	
1493	AD	
1495	AD	
1496	AR	
29119	AD	
1499	AD	
1500	AD	
1497	AR	
1503	AR	
5476	AR	
1508	AD	
1075	AR	
1509	AR	
8722	AR	
1513	AR	
348180	AR	
8029	AR	
8452	AD	
8450	XL	
9820	AR	
1523	AD	
23316	AD	
10283	AR	
55280	AR	
7852	AD	
1528	AR	
1727	AR	
1535	AR	
1536	XL	
79415	AR	
1537	AR	
54205	AD	
26999	AD	
1540	AD	
1583	AD,AR	
1584	AD,AR	
1585	AD,AR	
1586	AR	
1588	AR	
1544	AD	
1545	AR	
1589	AR	
1591	AR	
340665	AR	
1593	AR	
1594	AR	
1548	AD	
1555	AD	
1557	AD	
1558	AD,AR	
1559	AD	
1565	AD	
120227	AR	
113612	AR	
1576	AD	
1577	AD	
8529	AD	
126410	AR	
285440	AR	
9420	AR	
728294	AR	
23500	AR	
1600	AD	
51339	AD	
1605	AR	
55152	AR	
1615	AR	
55157	AR	
1621	AR	
1629	AR	
80067	AR	
50717	AD	
1630	AD,AR	
51473	AR	
8642	AD,AR	
64421	AR	
1634	AD	
28960	AR	
1638	AR	
1639	AD	
1641	XL	
51181	AR	
1643	AR	
1644	AR	
80821	AR	
23259	AR	
1650	AR	
4921	AD	
65992	AR	
1663	AR	
1654	XL	
51428	AD	
23586	AD	
83479	AR	
1656	AD	
10522	AD,AR	
1666	AR	
8560	AR	
23258	AR	
9681	AD	
1674	AD,AR	
8694	AR	
9993	AD	
8526	AR	
1716	AR	
1718	AR	
1717	AR	
79947	AD,AR	
1719	AR	
50846	AD,AR	
1723	AR	
1725	AR	
111365204	AD	
55526	AD,AR	
8449	AD	
22907	AD	
57647	AD,AR	
9785	AR	
56616	AD	
1729	AD	
1730	XL	
23405	AD	
57609	AD	
129563	AR	
1736	XL	
1737	AR	
1738	AR	
1741	XL	
1742	AD	
28514	AD	
10683	AR	
54567	AD	
1743	AD	
1747	AD	
1748	AD	
1749	AR	
1756	XL	
29958	AR	
1758	AR	
1760	AD,AR	
23312	AR	
1763	AD,AR	
123872	AR	
23639	AR	
55172	AR	
161582	AR	
54919	AR	
139212	XL	
25981	AR	
8701	AR	
8632	AR	
146754	AR	
1767	AR	
1769	AR	
1770	AR	
27019	AR	
64446	AR	
51726	AD	
374407	AR	
3300	AR	
10049	AD	
56521	AR	
23317	AD	
131118	AR	
134218	AR	
5611	AR	
80331	AD	
9829	AR	
83544	AR	
10126	AR	
1776	AR	
1759	AD	
10059	AD,AR	
1785	AD,AR	
23268	AR	
1786	AD	
1788	AD	
1789	AR	
1794	AR	
1795	AR	
57572	AR	
85440	AR	
81704	AR	
285489	AR	
22845	AR	
29980	AR	
1798	AR	
5977	AD	
1801	AR	
8813	AR	
8818	AR	
54344	AR	
1804	AD	
283417	AR	
1806	AR	
1807	AR	
128338	AR	
92749	AR	
1813	AD	
1824	AD,AR	
1825	AR	
29940	AR	
1828	AR	
1829	AD	
1830	AR	
147409	AR	
1832	AD,AR	
1834	AD	
667	AR	
25778	AD	
1837	AD	
84062	AR	
50506	AD,AR	
405753	AR	
1848	AD	
1855	AD	
1857	AD	
54808	AR	
1778	AD	
79659	AR	
55112	AR	
89891	AR	
51626	AR	
255758	AR	
1859	AD	
9149	AD	
8291	AR	
22873	AD	
199221	AR	
124454	AR	
253738	AD	
10682	XL	
1889	AD	
9427	AR	
1892	AR	
1893	AR	
1896	XL	
10913	AD,AR	
128178	AD,AR	
80153	AR	
1906	AD,AR	
1908	AD,AR	
1909	AD	
1910	AD,AR	
8726	AD	
1917	AD	
1938	AD	
2202	AD	
30008	AR	
114327	AD	
79631	AR	
1947	XL	
9343	AD	
1950	AR	
1956	AR	
54583	AD	
1959	AD,AR	
1962	AD	
79813	AD	
27102	AD	
5610	AD	
9451	AR	
440275	AR	
1967	AR	
8892	AR	
8891	AR	
8890	AR	
8893	AR	
1968	XL	
8665	AR	
9775	AR	
1977	AD	
1981	AD	
60528	AR	
1991	AD	
63916	AR	
84173	AR	
2006	AD	
64834	AD	
6785	AD,AR	
60481	AD	
8518	AR	
55250	AR	
26610	AD	
23065	AR	
284361	AR	
2010	XL	
10436	AR	
2009	AR	
2013	AR	
2018	AD	
2019	AR	
10117	AD,AR	
2022	AD	
2027	AR	
5167	AR	
953	AR	
285203	AR	
2033	AD	
2034	AD	
2035	AR	
2036	AD	
2038	AR	
4072	AD,AR	
57724	AR	
1969	AD	
2048	AR	
2050	AD	
2052	AR	
7957	AR	
2056	AD,AR	
2057	AD	
2058	AR	
2059	AR	
64787	AR	
8288	AR	
26284	AR	
2065	AD	
2066	AD	
2067	AR	
2068	AR	
2071	AR	
2072	AR	
2073	AR	
2074	AD,AR	
375748	AR	
1161	AR	
2077	AD	
57222	AR	
10613	AR	
11160	AR	
55780	AD	
90952	AD	
157570	AR	
83715	AD,AR	
2099	AR	
2100	AR	
54845	AR	
2103	AR	
2108	AR	
2109	AR	
2110	AR	
23474	AR	
2120	AD	
2121	AD,AR	
132884	AD,AR	
55770	AR	
23233	AR	
51013	AR	
23404	AR	
51010	AR	
11340	AR	
5393	AR	
23086	AR	
2131	AD	
2132	AD	
2137	AR	
2138	AD	
2070	AD	
346007	AR	
2146	AD	
2159	AR	
2160	AD,AR	
2161	AD,AR	
2162	AR	
2165	AR	
2147	AD,AR	
2153	AD,AR	
2155	AR	
2157	XL	
2158	XL	
79152	AR	
729041	AD	
8772	AR	
2184	AR	
63901	AD	
374393	AD	
84668	AR	
317662	AR	
84140	AR	
54757	AR	
56975	AR	
9130	XL	
286077	AD	
22909	AR	
2175	AR	
2187	XL	
2176	AR	
2177	AR	
2178	AR	
2188	AR	
2189	AR	
55215	AR	
55120	AR	
57697	AR	
84188	AD,AR	
10667	AR	
2193	AR	
10056	AR	
355	AD,AR	
356	AD	
22868	AR	
2196	AD	
79633	AR	
2192	AD	
10516	AD,AR	
2200	AD	
2201	AD	
2203	AR	
26224	AR	
26235	AR	
80204	AD	
79791	AR	
81545	AD	
25793	AR	
23291	AD	
2214	AR	
23149	AR	
554188	AD	
8547	AR	
197258	AR	
2222	AR	
2224	AD	
112812	AR	
2232	AR	
2235	AD,AR	
55612	AR	
83706	AR	
389549	AR	
2243	AD,AR	
2244	AD,AR	
2245	XL	
121512	AR	
2255	AD	
2257	AD	
2258	XL	
2259	AD	
8823	XL	
8822	AD	
26281	AR	
8074	AD,AR	
2248	AR	
2250	AR	
2253	AD	
2254	AD	
2260	AD	
2263	AD	
2261	AD,AR	
2266	AD,AR	
2271	AD	
2273	XL	
9158	AR	
9896	AD,AR	
344018	AD	
128486	AR	
60681	AR	
55033	AR	
79147	AR	
2218	AR	
80308	AR	
201163	AD	
2312	AD,AR	
388698	AR	
2313	AD,AR	
2316	XL	
2317	AD,AR	
2318	AD	
23767	AD	
2324	AD,AR	
28982	AR	
55640	AR	
56776	AR	
2328	AR	
2332	XL	
2335	AD	
2348	AR	
2296	AD	
2303	AD	
2304	AD,AR	
2301	AD,AR	
2294	AD	
2290	AD	
8928	AD	
2299	AR	
2302	AD	
668	AD	
8456	AD,AR	
27086	AD	
93986	AD	
50943	XL	
55572	AR	
80144	AR	
158326	AD,AR	
341640	AR	
55691	AR	
90167	XL	
9758	XL	
23732	AR	
25794	AD	
2488	AR	
2489	AD,AR	
2492	AD,AR	
401024	AR	
10841	AR	
2495	AD	
2512	AD,AR	
79068	AR	
24140	XL	
2517	AR	
2521	AD,AR	
2525	AD	
2528	AR	
2530	AR	
80199	AD	
2395	AR	
8087	AR	
486	AD	
2533	AR	
79443	AR	
2535	AD	
8322	AD	
8323	AR	
2538	AR	
92579	AR	
2539	XL	
2548	AR	
2549	AR	
9568	AD	
2554	AD	
2555	AD	
2558	AD	
2560	AD	
2561	AD	
2562	AD	
2566	AD	
2571	AR	
51083	AD	
2581	AR	
2582	AR	
2584	AR	
130589	AR	
2588	AR	
79695	AD	
2590	AR	
2591	AR	
2592	AR	
2593	AR	
8139	AR	
23193	AD	
2617	AD	
2619	AD	
2622	AR	
2623	XL	
2624	AD	
2625	AD	
2626	AD	
140628	AD	
2627	AD	
57798	AR	
57459	AD	
5188	AR	
283459	AR	
2628	AD,AR	
2629	AR	
57704	AR	
2632	AR	
2639	AR	
2642	AR	
2643	AD,AR	
2645	AD,AR	
2729	AR	
9247	AD,AR	
2651	AR	
2653	AR	
54332	AD,AR	
54834	AR	
2657	AD,AR	
10220	AD	
2658	AD	
9573	AD	
8200	AD,AR	
392255	AD,AR	
2661	AR	
2664	XL	
2668	AD	
50628	AR	
25929	AR	
2670	AD	
2671	AR	
2672	AD	
8328	AD	
85476	AR	
84340	AR	
2673	AR	
2677	AD,AR	
2678	AR	
2688	AD,AR	
2690	AD,AR	
2692	AR	
2693	AD,AR	
26058	AD	
9837	AR	
10755	AD	
126326	AR	
2697	AD	
2700	AD	
2702	AD	
2703	AD,AR	
2705	XL	
2706	AD,AR	
2707	AD	
127534	AD	
10804	AR	
57165	AD,AR	
2710	XL	
2717	XL	
2720	AR	
2731	AR	
342035	AR	
2733	AR	
2735	AR	
2736	AD	
2737	AD	
84662	AR	
169792	AR	
11146	AD	
2741	AD,AR	
2743	AR	
51218	AR	
2744	AD,AR	
2746	AD	
2752	AR	
132158	AR	
2760	AR	
51053	AD	
29926	AR	
29925	AR	
2767	AD	
2773	AD	
2774	AD	
2775	AD	
2778	AD	
2779	AD,AR	
2780	AR	
2782	AD	
2784	AR	
59345	AD	
10681	AR	
10020	AD,AR	
27232	AR	
8443	AR	
79158	AR	
84572	AR	
2796	AR	
2798	AD,AR	
2799	AR	
92344	AR	
9570	AR	
2806	AR	
2811	AD,AR	
2812	AR	
51206	AR	
2815	AR	
8733	AR	
2719	XL	
2239	XL	
10082	AR	
2819	AR	
23171	AD	
10243	AD,AR	
2821	AD	
338328	AR	
10457	AR	
83550	XL	
4935	XL	
440435	AR	
8111	AR	
54112	AR	
114928	XL	
29899	AR	
84706	AR	
2879	AR	
10750	AR	
80000	AD	
26585	AD	
64388	AD	
79977	AD,AR	
57822	AD	
9380	AR	
2891	AD	
2892	XL	
2893	AD	
2895	AR	
2898	AR	
2900	AD	
2902	AD,AR	
2903	AD	
2904	AD	
2906	AD	
23426	AR	
6011	AR	
2911	AD,AR	
2916	AR	
2917	AR	
2896	AD,AR	
389207	AR	
643226	AR	
145258	AR	
1687	AD	
2934	AD	
2936	AR	
2937	AR	
2954	AR	
2961	AR	
404672	AR	
54676	AR	
84705	AR	
2978	AD	
2979	AD	
2982	AR	
2984	AD,AR	
3000	AD,AR	
60558	AR	
2990	AR	
2992	AR	
2997	AR	
2998	AR	
64412	AR	
3008	AD	
9563	AR	
23498	AR	
3026	AD	
57531	AR	
3033	AR	
3030	AR	
3032	AR	
3034	AR	
57817	AR	
3035	AR	
23438	AR	
84868	AR	
10456	AR	
3039	AD,AR	
3040	AD,AR	
3043	AD,AR	
3047	AD	
3048	AD	
3052	XL	
3054	XL	
348980	AD	
10021	AD	
3060	AD	
9759	AD	
10013	XL	
55869	XL	
3067	AD	
57520	AD	
3070	AR	
220296	AD,AR	
341208	AR	
8925	AR	
8924	AD,AR	
84667	AR	
8820	AR,AD	
3073	AR	
3074	AR	
3077	AR	
164045	AR	
3081	AR	
3082	AR	
138050	AR	
55733	AR	
26275	AR	
51501	AR	
3094	AR	
3097	AD	
148738	AR	
3098	AR	
3105	AD	
3106	AD	
3141	AR	
3145	AD,AR	
83872	AD	
8091	AD	
3149	XL	
3155	AR	
3156	AD	
3158	AR	
3162	AR	
3166	AD	
6927	AD	
6928	AD	
3172	AD	
3176	AR	
3178	AD	
3181	AD	
9987	AD	
3188	XL	
3190	AD	
3192	AR	
112817	AD,AR	
9455	AD	
3198	AR	
3207	AD	
3209	AD	
3199	AR	
3211	AR	
3229	AR	
3236	AD	
3239	AD,AR	
3240	AR	
3208	AR	
3242	AD,AR	
84842	AR	
3248	AR	
3251	XL	
3257	AR	
84343	AR	
89781	AR	
11234	AR	
79803	AR	
60495	AR	
55806	AR	
3265	AD	
3273	AD	
120766137	AD	
9653	AR	
9394	AD,AR	
90161	XL	
3290	AD	
3291	AR	
3028	XL	
3293	AR	
3295	AR	
3284	AR	
80270	AR	
11077	AR	
3299	AD	
3305	AD	
3313	AD	
3315	AD	
8988	AD	
26353	AD	
3329	AD,AR	
3339	AD,AR	
3350	AD	
3356	AD	
5654	AD,AR	
27429	AR	
3064	AD,AR	
10075	XL	
3373	AR	
54768	AR	
219844	AR	
10525	AR	
3376	AR	
55699	AR	
200205	AR	
29851	AR	
3418	AD	
3419	AR	
3420	AR	
3423	XL	
3425	AR	
51124	AR	
64135	AD	
387733	AD	
3455	AR	
3458	AR	
3459	AD,AR	
3460	AR	
282617	AD	
55764	AR	
9742	AR	
26160	AR	
11020	AR	
112752	AR	
51098	AR	
55081	AR	
80173	AR	
57560	AR	
28981	AR	
8100	AR	
3476	XL	
3479	AR	
3480	AD,AR	
3481	AD	
3483	AR	
3490	AR	
3507	AR	
3508	AR	
3514	AR	
3543	AR	
3547	XL	
3321	AR	
3549	AD,AR	
3551	AD,AR	
8517	XL	
10320	AD	
64376	AD	
3586	AD	
3587	AR	
3588	AR	
3590	AR	
3593	AR	
3594	AR	
112744	AD	
23765	AR	
84818	AR	
54756	AD	
10068	AR	
11141	XL	
3557	AR	
59067	AR	
50615	AR	
3559	AR	
3560	AR	
3561	XL	
133396	AD	
26525	AR	
3570	AR	
3572	AR	
3574	AR	
3575	AR	
286676	AR	
3612	AR	
3614	AD	
3615	AD	
3617	AD	
50939	AR	
64423	AD	
56623	AR	
51763	AR	
3636	AR	
3630	AD	
3640	AD	
3643	AD,AR	
26173	AR	
27152	AR	
27130	AR	
253430	AD	
9657	AR	
23288	AR	
9922	AR	
23096	XL	
51135	AR	
3658	AR	
359948	AD	
64207	AD	
3661	AD	
3662	AD	
3664	AD	
3665	AR	
3394	AD	
10379	AR	
8471	XL	
81689	AR	
122961	AR	
23479	AR	
9636	AR	
83737	AR	
3674	AD,AR	
3675	AR	
3655	AR	
3679	AR	
8516	AR	
3689	AR	
3690	AD,AR	
3691	AD,AR	
3694	AR	
3702	AR	
9445	AD	
3704	AR	
3708	AD,AR	
3709	AR	
3712	AR	
10625	AD	
389434	AR	
182	AD	
84522	AR	
3716	AD	
3717	AD	
3718	AR	
58494	AR	
83700	AR	
57158	AD	
57338	AD	
3728	AD,AR	
23189	AD	
25959	AR	
284058	AD	
3735	AR	
10524	AD	
7994	AD	
23522	AD	
84148	AD	
10300	AR	
23247	AR	
390594	AD	
3736	AD	
3737	AD	
3739	AR	
3741	AD	
3745	AD	
3746	AD	
3748	AD	
3752	AD	
3753	AD,AR	
9992	AD	
10008	AD	
3756	AD,AR	
3757	AD	
3758	AR	
3766	AR	
3767	AD,AR	
3769	AD,AR	
100134444	AD	
3759	AD	
3760	AR	
3762	AD	
3763	AD	
338567	AD	
3777	AD	
50801	AD	
51305	AD	
3778	AD,AR	
3782	AD	
3783	AD	
3784	AD,AR	
10984	AD	
3785	AD	
3786	AD	
9132	AD	
56479	AD	
57582	AD	
343450	AD	
169522	AR	
79734	AD	
154881	AR	
11014	AR	
126695	AD	
23028	AD	
51780	AD	
23030	AD	
10765	AD,AR	
8242	XL	
7403	XL	
23135	AD	
2531	AR	
11081	AR	
154288	AR	
3795	AR	
9786	AR	
9851	AR	
285600	AR	
57670	AR	
57498	AR	
3832	AD	
9928	AR	
547	AD,AR	
23095	AD	
10749	AR	
55605	AD	
3835	AD	
3796	AD	
9371	AR	
24137	XL	
3798	AD	
3800	AD	
374654	AR	
26128	AR	
55243	AR	
84623	AD	
3814	AR	
84634	AR	
3815	AD	
4254	AD	
55857	AR	
9365	AR	
64837	AR	
10661	AD	
8462	AD	
200942	AD	
317719	AD	
80311	XL	
54800	AD	
26249	AD,AR	
131377	AR	
10324	AR	
55975	AR	
9622	AR	
3818	AR	
100144748	AD	
4297	AD	
9757	AD	
58508	AD	
8085	AD	
55904	AD	
51111	AD	
3827	AR	
57082	AR	
11133	AR	
3845	AD	
83999	AR	
889	AD	
3848	AD	
3858	AD,AR	
3859	AD	
3860	AD	
3861	AD,AR	
3868	AD	
3872	AD	
3849	AD	
147183	AR	
3850	AD	
3851	AD	
3852	AD	
3853	AD	
3854	AD	
286887	AD	
112802	AD	
121391	AD	
9119	AD	
3887	AD	
3889	AD,AR	
3891	AR	
3892	AD	
3857	AD	
339855	AR	
8942	AR	
3897	XL	
79944	AR	
144811	AR	
8270	XL	
284217	AR	
3908	AD,AR	
3909	AR	
3910	AD	
3912	AR	
3913	AR	
3914	AR	
3918	AR	
10319	AR	
3920	XL	
28956	AR	
9215	AR	
51574	AR	
51520	AR	
23395	AR	
81887	XL	
27040	AR	
3930	AD,AR	
167691	AR	
3931	AR	
3932	AR	
3938	AR	
11155	AD	
3939	AR	
3945	AR	
197257	AR	
3949	AD,AR	
26119	AR	
7044	AD	
221496	AD,AR	
23592	AD	
3952	AR	
3953	AR	
3955	AR	
9211	AD	
163175	AR	
3972	AR	
3973	AR	
222662	AR	
8022	AR	
89884	AD	
11019	AR	
3977	AR	
3981	AR	
3982	AR	
51474	AD	
55679	AD	
84894	AR	
55180	AR	
3988	AR	
3990	AR	
3991	AR	
200879	AR	
149998	AD	
643418	AR	
51601	AR	
387787	AR	
9516	AD	
3998	AR	
81562	AR	
64327	AD,AR	
55788	AR	
64788	AR	
4000	AD,AR	
4001	AD	
84823	AD,AR	
25802	AR	
56203	AR	
4009	AD	
4010	AD	
80856	AR	
9361	AR	
4014	AD	
4015	AD	
125336	AR	
4018	AR	
10161	AR	
23175	AR	
9663	AR	
4023	AD,AR	
9227	AR	
987	AR	
9860	AR	
345193	AR	
83938	AR	
4035	AD,AR	
29967	AD	
4036	AR	
4038	AD,AR	
4041	AD,AR	
4040	AD	
4043	AR	
10128	AR	
2615	AR	
115399	AR	
56262	AD	
120892	AD	
90678	AR	
220074	AR	
4047	AR	
4053	AR	
4054	AD,AR	
8425	AR	
4056	AR	
57128	AR	
90624	AR	
1130	AR	
4069	AD	
54585	AR	
8216	AD,AR	
130951	AR	
4081	AR	
10586	AR	
23499	AD	
10459	AR	
8567	AR	
4094	AD	
389692	AD	
9935	AD	
4099	AR	
10916	XL	
54551	AD	
9863	AR	
84061	XL	
4117	AR	
10892	AR	
10046	XL	
11253	AR	
4125	AR	
4126	AR	
4128	XL	
4131	AD	
5604	AD	
5605	AD	
4214	AD	
9020	AR	
51776	AD,AR	
9064	AD	
6885	AD	
5594	AD	
5602	AD	
9479	AD	
23162	AD	
7867	AD	
23005	AR	
10982	AD	
4137	AD,AR	
10299	AD	
4140	AR	
4141	AR	
92935	AR	
153562	AR	
5648	AR	
10747	AR	
22983	AD	
84930	AD	
4143	AD,AR	
4148	AD,AR	
9782	AD	
4149	AD	
55777	AD	
4153	AD	
79143	AR	
8720	AR	
51360	XL	
4157	AD	
4158	AR	
4159	AD	
4160	AD	
56922	AR	
64087	AR	
84693	AR	
90411	AR	
345643	AR	
55388	AR	
4171	AD	
8888	AR	
4173	AR	
4174	AR	
4175	AD	
84515	AR	
254394	AR	
57192	AR	
79648	AR	
4190	AR	
4191	AR	
4193	AR	
4194	AD	
2122	AD	
4204	XL	
51102	AR	
9968	XL	
116931	AD	
9969	AD	
23389	AD,AR	
9440	AR	
9439	AR	
81857	AR	
9442	AR	
4208	AD	
4210	AD,AR	
84466	AR	
1954	AR	
150365	AR	
254528	AR	
4212	AD	
4221	AD	
4222	AR	
10461	AD,AR	
23184	AR	
145873	AR	
4233	AD,AR	
51603	AD	
124512	AR	
29081	AR	
8076	AD	
56947	AR	
9927	AD,AR	
83552	AR	
84879	AR	
256471	AR	
4247	AR	
92667	AR	
4256	AR	
375056	AR	
57534	AD	
125988	AR	
10367	AR	
4281	XL	
11043	XL	
125170	AR	
4284	AD	
4285	AR	
406932	AD	
407975	AD	
406960	AD	
406987	AD	
407053	AD	
4286	AD	
8195	AR	
7681	AD	
54903	AR	
23209	AR	
4292	AD,AR	
27030	AD	
79083	AR	
23417	AR	
166785	AR	
326625	AR	
25974	AR	
27249	AR	
4311	AR	
4322	AD,AR	
4323	AR	
4327	AD	
4313	AR	
9313	AR	
118856	AR	
4318	AR	
4594	AR	
4330	AD	
55329	AR	
3110	AD	
55034	AR	
4337	AR	
4338	AR	
4340	AD	
7841	AR	
22880	AD	
51660	AR	
9526	AR	
8777	AR	
219972	AD	
4351	AR	
80739	AR	
4352	AD,AR	
136647	AR	
4353	AR	
4358	AR	
4359	AD	
10205	AR	
3140	AD	
56246	AR	
112609	AD	
22808	AD	
4361	AD	
29960	AR	
6182	AR	
11222	AR	
65080	AR	
63931	AR	
51021	AR	
51116	AR	
56945	AR	
51649	AR	
64432	AR	
28957	AR	
65993	AR	
51081	AR	
57591	AR	
931	AR	
4436	AD,AR	
4437	AD	
4439	AR	
2956	AD,AR	
10943	XL	
6307	AR	
4478	XL	
4481	AD	
253827	AR	
2660	AR	
55154	AD,AR	
4487	AD	
4488	AD	
4507	AD	
123263	AR	
4522	AR	
4524	AR	
10588	AR	
4534	XL	
8898	AR	
25821	AR	
2475	AD	
55149	AR	
4548	AR	
4552	AR	
4547	AR	
10651	AR	
4582	AD	
4593	AR	
4595	AR	
4597	AD	
4598	AR	
4604	AD,AR	
4607	AD,AR	
4613	AD	
4615	AR	
4617	AR	
4618	AD	
4629	AD,AR	
79784	AD	
4620	AD,AR	
4621	AD	
4624	AD	
4625	AD,AR	
4626	AD	
4627	AD	
4632	AR	
4633	AD	
4634	AD,AR	
4635	AD	
4638	AD,AR	
85366	AD	
29895	AD,AR	
389827	AR	
51168	AR	
84700	AR	
4640	AD	
4643	AR	
53904	AR	
4644	AR	
4645	AR	
4646	AR	
4647	AR	
4649	AR	
4653	AD,AR	
93649	AD	
4654	AR	
57462	AR	
9499	AD	
51778	AD	
84665	AD	
745	AD	
23040	AD	
8260	XL	
80155	AD	
112939	AD	
133686	AR	
55191	AR	
4668	AR	
4669	AR	
162417	AR	
259232	AD,AR	
340719	AD	
54187	AR	
4677	AD,AR	
79731	AR	
9	AD	
10	AD	
339983	AR	
55739	AR	
128240	AR	
51594	AR	
26960	AD	
23218	AR	
4683	AD,AR	
9918	AR	
23310	AR	
54892	AR	
23397	AR	
653361	AR	
4688	AR	
4689	AR	
3071	AR	
23385	AD	
54820	AR	
79625	AD	
4693	XL	
10397	AR	
3340	AR	
4694	XL	
4705	AR	
126328	AR	
55967	AR	
51079	AD	
4695	AR	
4697	AR	
4700	AR	
4702	AR	
4704	AR	
51103	AR	
91942	AR	
25915	AR	
29078	AR	
79133	AR	
137682	AR	
284184	AR	
4716	AR	
54539	XL	
4709	AR	
4714	AR	
4715	AR	
4718	AR	
4719	AR	
4720	AR	
4722	AR	
4724	AR	
4726	AR	
374291	AR	
4728	AR	
4723	AR	
4729	AR	
4703	AR	
25977	AR	
5818	AD,AR	
81607	AR	
23327	AD	
4744	AD	
4747	AD,AR	
4750	AR	
152110	AR	
4751	AR	
284086	AR	
91754	AR	
9147	AR	
25871	AR	
4758	AR	
4760	AD	
4761	AD	
50674	AR	
340533	XL	
91624	AD	
4763	AD	
4771	AD	
23114	AR	
4780	AD	
4774	AD	
4781	AD	
4784	AD	
4790	AD	
4791	AD	
4792	AD	
27247	AR	
4803	AR	
55768	AR	
79840	AR	
378884	AR	
374354	AR	
55651	AR	
4810	XL	
51199	AR	
123606	AD	
348938	AR	
25836	AD	
79576	XL	
7080	AD	
1482	AD	
137814	AR	
579	AR	
84504	AR	
22871	AD,AR	
54413	XL	
57502	XL	
58484	AD	
22861	AD,AR	
91662	AD	
114548	AD	
199713	AR	
51314	AR	
64802	AR	
23530	AR	
135935	AD	
64127	AD,AR	
4838	AD	
9241	AD	
8996	AD	
4841	XL	
55505	AR	
10528	AD	
9722	AR	
4851	AD	
4853	AD	
100996717	AD	
4854	AD	
4858	AD	
4863	AD	
4864	AR	
29881	AD,AR	
10577	AR	
4867	AR	
27031	AR	
261734	AR	
4868	AR	
7827	AR	
4878	AD,AR	
4882	AD,AR	
10641	AD	
8131	AD	
190	XL	
9971	AR	
10002	AD,AR	
7025	AD	
7026	AD	
2908	AD,AR	
4306	AD	
2516	AD,AR	
4893	AD	
8204	AD	
4901	AD,AR	
375387	AR	
9378	AD,AR	
64324	AD	
50814	XL	
286053	AR	
56160	AR	
26012	AD	
63899	AR	
22978	AR	
51251	AR	
4907	AR	
4909	AD	
4913	AR	
9423	AD	
84628	AR	
4914	AR	
4915	AD	
80224	AR	
55270	AD	
57122	AR	
55746	AR	
9631	AR	
23279	AR	
23511	AR	
23165	AR	
8021	AR	
79023	AR	
23636	AR	
79902	AR	
4927	AR	
116150	AD,AR	
101060691	AD	
55998	XL	
64359	AR	
60506	XL	
4942	AR	
23363	AR	
4948	AD,AR	
100506658	AR	
4952	XL	
93233	AR	
55130	AR	
115948	AR	
83538	AR	
152816	AR	
4953	AD	
8481	XL	
8473	XL	
4976	AD	
80207	AD,AR	
4983	XL	
26873	AR	
611	AD	
10133	AD	
84876	AR	
4998	AR	
5000	AR	
23594	AR	
9885	AD	
55644	AR	
9180	AD	
28962	AR	
5009	XL	
146183	AR	
9381	AR	
340990	AR	
283310	AR	
55593	XL	
51633	AR	
90268	AR	
5015	AD	
58495	AD	
5019	AR	
55074	AR	
22953	AD	
64805	AD,AR	
64175	AR	
55214	AR	
8974	AD	
5034	AD	
54681	AR	
8106	AD,AR	
55690	AD	
23241	AD	
51702	AR	
353238	AR	
5048	AD	
5053	AR	
5058	AD	
5063	XL	
79728	AD,AR	
23022	AD	
51025	AR	
80025	AD,AR	
24145	AD	
9060	AR	
11315	AR	
5073	AD,AR	
25973	AR	
197135	AR	
5075	AR	
5076	AD	
5077	AD,AR	
5078	AD	
5079	AD	
5080	AD	
5081	AR	
7849	AD	
5083	AD	
55193	AD	
5087	AD	
5091	AR	
388939	AR	
5092	AR	
5095	AR	
5096	AR	
51294	AR	
65217	AR	
57526	XL	
7703	AD	
5105	AR	
5111	AR	
5116	AR	
5122	AD	
255738	AD	
5130	AR	
5833	AR	
11235	AD	
10846	AD,AR	
50940	AD	
5137	AD	
5138	AR	
5139	AD	
5144	AD	
5145	AR	
5158	AD,AR	
5146	AR	
5147	AR	
5148	AR	
5149	AD,AR	
8622	AD	
5155	AD	
5156	AD	
5159	AD	
5160	XL	
5162	AR	
8050	AR	
5165	XL	
54704	AR	
23590	AR	
57107	AR	
3651	AR	
8566	AR	
5173	AD	
79955	AR	
5184	AR	
8864	AD	
8863	AD	
105371045	AR	
64065	AD,AR	
100131801	AR	
100303755	AR	
5189	AR	
5192	AR	
8799	AR	
5193	AR	
5194	AR	
5195	AR	
9409	AR	
5824	AR	
5828	AR	
55670	AR	
8504	AR	
5830	AR	
5190	AR	
5191	AR	
5213	AR	
5216	AD	
5224	AR	
80055	AR	
27315	AR	
93210	AR	
5230	XL	
5236	AR	
5238	AR	
221692	AD	
1911	AR	
5251	XL	
51317	AD	
84295	XL	
23133	XL	
26227	AR	
55023	AD	
5255	XL	
5256	XL	
5257	AR	
5261	AR	
401	AR	
8929	AD	
5264	AR	
85007	AR	
5297	AR	
10464	AR	
9780	AD	
63895	AD,AR	
5277	XL	
9488	AR	
5279	AR	
54872	AR	
5283	AR	
10026	AR	
9487	AR	
93183	AR	
23556	AR	
84720	AR	
51227	AR	
9091	AR	
94005	AR	
51604	AR	
128869	AR	
55650	AR	
284098	AR	
84992	AR	
5286	AR	
5290	AD	
5293	AD,AR	
5295	AR	
5296	AD	
23533	AR	
200576	AD	
65018	AR	
23396	AR	
83394	AD	
5307	AD	
5308	AD	
5309	AD	
494513	AR	
5310	AD	
168507	AR	
5311	AD	
91461	AR	
5314	AR	
5313	AR	
5317	AR	
5318	AD	
5321	AR	
5322	AR	
8398	AR	
7941	AR	
9373	AR	
5324	AD	
5325	AD	
5328	AD	
23236	AR	
5331	AR	
5332	AD	
5333	AD,AR	
51196	AR	
5336	AD	
89869	AR	
5337	AR	
23646	AD	
5339	AR	
64857	AR	
57449	AR	
9842	AD,AR	
5340	AR	
5346	AD	
10733	AR	
5350	AD,AR	
5351	AR	
5352	AR	
8985	AR	
5354	XL	
11212	AR	
5357	AD	
5358	XL	
83483	AR	
83449	AR	
5373	AR	
5375	AD	
5376	AD,AR	
23203	AR	
9512	AR	
5395	AD,AR	
10654	AD	
11284	AR	
5406	AR	
4860	AR	
285848	AR	
57104	AR	
10908	AR	
50640	AR	
55163	AR	
87178	AR	
25886	AR	
282809	AR	
79983	XL	
23509	AD	
56983	AD,AR	
23126	AD	
5422	XL	
5424	AD	
5426	AD,AR	
5428	AD,AR	
11232	AD,AR	
5429	AR	
25885	AD	
84172	AD	
9533	AR	
51082	AD,AR	
11128	AR	
55703	AR	
84265	AR	
51728	AR	
5443	AR	
55624	AR	
84892	AR	
84197	AR	
51371	AD	
10585	AR	
29954	AR	
5444	AD,AR	
10940	AR	
64208	AR	
5447	AR	
64840	XL	
25913	AD	
5449	AR	
5455	AD	
5456	XL	
5459	AD	
11281	AD	
27068	AR	
5468	AD	
79717	AR	
5479	AR	
23262	AR	
8493	AD	
152926	AR	
5498	AD,AR	
5500	AD	
4659	AD	
84919	AR	
5515	AD	
5518	AD	
5521	AD	
55012	AD,AR	
5528	AD	
5530	AD	
5538	AR	
10084	XL	
768206	AR	
59335	AR	
59336	AD	
63976	AD	
11107	AR	
93166	AD	
56978	AR	
5052	AR	
9581	AR	
5551	AR	
10216	AR	
144165	AD,AR	
166336	AD	
201973	AD	
5566	AD	
5567	AD	
5568	AR	
51422	AD	
53632	AD	
5573	AD	
5580	AR	
5582	AD,AR	
5589	AD	
5587	AD	
5591	AR	
5592	AD	
5071	AR	
8575	AR	
5618	AD	
54496	AR	
5621	AD,AR	
5624	AD,AR	
5625	AR	
60675	AD,AR	
128674	AD,AR	
8842	AD,AR	
5626	AR	
5627	AD,AR	
8858	AD	
9129	AD	
26121	AD	
9128	AD	
24148	AD	
10594	AD	
5961	AD	
5631	XL	
112476	AD	
5396	AD,AR	
5644	AD	
8492	AR	
646960	AR	
58497	AR	
57716	AR	
5660	AR	
29968	AR	
5663	AD	
5664	AD	
55851	AD	
5699	AR	
5692	AR	
5696	AR	
5702	AR	
29893	AR	
5718	AD	
56984	AR	
5723	AR	
9051	AD	
55037	AR	
5727	AD	
8643	AD	
139411	XL	
9791	AD	
5728	AD	
256297	AR	
5741	AD,AR	
5745	AD,AR	
5744	AD	
5781	AD	
5784	AR	
25930	AR	
5788	AR	
5792	AR	
5800	AR	
374462	AR	
51651	AR	
5805	AR	
22827	AD	
9698	AD	
5813	AD	
80324	AR	
83480	AR	
54517	AR	
7837	AR	
5831	AR	
29920	AR	
5836	AR	
5837	AR	
79912	AR	
5859	AR	
5860	AR	
54870	AD	
84074	AR	
55278	AR	
9230	AD	
22931	AR	
51715	AR	
5873	AR	
9364	AR	
83452	AR	
116442	XL	
22930	AR	
25782	AR	
7879	AD	
285282	AD	
5879	AD	
5880	AD,AR	
5881	AD	
5885	AD	
10111	AD,AR	
5888	AD	
5889	AD,AR	
5892	AD	
5894	AD	
5896	AR	
5897	AR	
10743	AD	
5898	AD	
253959	AR	
5903	AD	
9693	AD	
5913	AR	
5915	AD,AR	
5917	AD	
57038	AR	
5921	AD	
10125	AR	
10235	AR	
30062	AR	
84839	AD	
5925	AD	
9821	AD	
5932	AR	
10616	AR	
8241	XL	
10137	AD	
282996	AD	
55131	AR	
27316	XL	
5949	AR	
5950	AR	
3516	AD	
149041	AR	
55213	AR	
343035	AR	
51109	AD,AR	
145226	AD,AR	
5959	AR	
5962	AR	
283677	AR	
9401	AR	
65055	AD	
51308	AD,AR	
92840	AR	
5970	AD	
5971	AR	
5649	AD,AR	
84957	AR	
5972	AD	
85021	AR	
473	AD	
5978	AD	
5979	AD,AR	
54463	AR	
5981	AR	
91869	AR	
55159	AR	
5993	AR	
222546	AR	
8625	AR	
5994	AR	
5995	AD,AR	
8787	AR	
388531	AR	
6005	AD,AR	
79651	AD	
6010	AD,AR	
387	AD	
23221	AR	
399	AR	
57589	AD	
22999	AD	
9699	AR	
54453	AR	
60561	AR	
8737	AD,AR	
54101	AR	
9750	AR	
134701	AR	
6016	AD	
6017	AR	
51132	XL	
55005	AR	
6023	AR	
246243	AR	
10535	AR	
79621	AR	
84153	AR	
6041	AD	
8635	AR	
7737	XL	
54941	AD	
11342	AD	
84282	AD	
11236	AD	
165918	AR	
81790	AD	
57674	AD,AR	
54476	AR	
54894	AD	
55599	AR	
100151683	AR	
6092	AD	
64221	AR	
54538	AD	
79641	AR	
4919	AR	
4920	AD,AR	
6095	AD	
6096	AD	
6097	AR	
6101	AD,AR	
94137	AD,AR	
6102	XL	
6100	AD	
6121	AR	
6103	XL	
57096	AR	
23322	AR	
22934	AR	
6134	XL	
6135	AD	
6137	AD	
6138	AD	
6141	AD	
6144	AD	
6154	AD	
6155	AD	
11224	AD	
6165	AD	
6125	AD	
6204	AD	
6210	AD	
6218	AD	
6223	AD	
6228	AD	
6229	AD	
6231	AD	
6232	AD	
6234	AD	
6235	AD	
6197	XL	
6201	AD	
3921	AD	
22800	AD	
50484	AD,AR	
6247	XL	
89765	AR	
83861	AR	
345895	AR	
221421	AR	
284654	AR	
340419	AR	
343637	AR	
89970	AR	
51319	AR	
51750	AD,AR	
6253	AD	
84816	AR	
25914	AR	
9711	AR	
861	AD	
860	AD	
9853	AR	
122042	AD	
10329	AR	
6261	AD,AR	
6262	AD	
9294	AR	
26278	AR	
6295	AR	
6299	AD	
6297	AR	
57167	AD	
401474	AD	
54809	AD,AR	
219285	AD	
25939	AR	
51128	AR	
6301	AR	
54938	AR	
9733	AD	
23328	AR	
163786	AR	
6304	AD	
23314	AD	
51119	AD,AR	
6305	AR	
81846	AR	
6309	AR	
49855	AR	
950	AR	
91179	AR	
79966	AD	
6336	AD	
11280	AD	
6323	AD	
6324	AD	
6326	AD	
6327	AD	
6328	AD	
55800	AD	
6329	AD,AR	
6330	AD	
6331	AD,AR	
6334	AD	
6335	AD,AR	
6337	AD,AR	
6338	AD,AR	
6340	AD,AR	
6341	AR	
9997	AD,AR	
6342	AR	
222663	AR	
57410	AR	
55681	AR	
10806	AR	
6389	AD,AR	
644096	AR	
54949	AD	
6390	AD,AR	
6391	AD	
6392	AD,AR	
121214	AR	
10484	AR	
10483	AD,AR	
9871	AR	
22872	AR	
29927	AD	
11231	AD	
79048	AR	
8991	AR	
85465	AR	
57190	AR	
10371	AD	
9723	AD	
64218	AR	
10501	AD	
8482	AD	
51091	AR	
124404	AD	
10801	AD	
84947	AR	
5265	AR	
866	AD,AR	
6906	XL	
5269	AR	
8710	AR	
5271	AR	
462	AD,AR	
3053	AD	
5054	AR	
5176	AR	
5345	AD,AR	
710	AD,AR	
871	AR	
5274	AD	
6418	AD	
26040	AD	
9739	AD	
23067	AD	
29072	AD	
55209	AD	
23064	AD,AR	
10262	AD	
6424	AR	
729238	AD	
6439	AR	
6440	AD	
119559	AR	
6442	AR	
6443	AR	
6444	AR	
8910	AD	
6445	AR	
166929	AD	
8879	AR	
6448	AR	
4068	XL	
6452	AD	
30011	XL	
285590	AR	
79628	AR	
22941	AD	
85358	AD	
6469	AD	
6472	AR	
8036	AD	
6473	XL	
23729	AR	
57477	XL	
6476	AR	
6477	AD	
10280	AR	
150094	AD	
23387	AR	
64374	AR	
25942	AD	
23094	AR	
6495	AD	
6496	AD	
147912	AD	
4990	AD	
6497	AD	
6499	AR	
6555	AD	
84068	AR	
4891	AR	
6557	AR	
6558	AD,AR	
6559	AR	
57468	AR	
9990	AR	
64849	AR	
284111	AR	
6566	AD,AR	
387700	AD	
6567	XL	
26503	AR	
246213	AD	
63910	AD	
6571	AR	
6572	AR	
6573	AR	
10560	AR	
80704	AR	
6505	AR	
6506	AD	
6507	AD	
6509	AR	
6575	AD	
116085	AR	
6584	AR	
9187	AR	
123041	AR	
283652	AR	
6576	AR	
1468	AR	
8402	AD	
8604	AR	
10165	AR	
10166	AR	
60386	AR	
788	AR	
89874	AR	
79751	AR	
29957	AD	
115286	AR	
5250	AR	
81034	AR	
54977	AR	
291	AD,AR	
284439	AR	
91137	AR	
10861	AR	
1836	AR	
1811	AR	
5172	AR	
375611	AR	
116369	AD	
10999	AR	
9154	AR	
55315	AR	
6513	AD,AR	
81031	AR	
6514	AR	
56606	AD,AR	
55532	AR	
7780	AD	
10463	AR	
9197	AR	
6569	AR	
10568	AR	
142680	AR	
10559	AR	
7355	XL	
23443	AR	
55343	AR	
23169	AR	
153201	AD,AR	
2542	AR	
146167	AR	
91252	AR	
23516	AD,AR	
55630	AR	
283375	AD	
64116	AR	
6519	AD,AR	
30061	AD	
254428	AR	
23446	AR	
80736	AD	
50651	AR	
51151	AD,AR	
113235	AR	
6521	AD,AR	
83959	AD	
8671	AD,AR	
55065	AD	
79581	AR	
113278	AR	
6523	AR	
6524	AD,AR	
6528	AR	
8884	AR	
60482	AR	
388662	AR	
340024	AR	
6530	AD	
54716	AD	
6531	AR	
9152	AR	
6533	AR	
6535	XL	
6536	AR	
57709	AR	
84138	AR	
9056	AR	
11136	AD,AR	
6548	AR	
6550	AR	
9368	AD	
10479	XL	
84679	XL	
285195	AD	
10599	AD	
6578	AD,AR	
342618	AR	
114798	AD	
84189	AR	
57152	AD,AR	
84464	AR	
4088	AD	
4089	AD	
4091	AD	
4093	AD	
6595	AD	
6597	AD	
56916	AD	
50485	AR	
6598	AD	
6601	AD	
6602	AD	
6603	AR	
6605	AD	
8243	XL	
9126	AD	
23347	AD	
55181	AR	
56006	AR	
6606	AR	
6607	AD	
6608	AR	
64093	AR	
64094	AR	
6609	AR	
55627	AR	
23676	XL	
6611	XL	
6591	AR	
6616	AD	
9342	AR	
6622	AD	
9627	AD	
6620	AD	
79753	AR	
727676	AR	
23020	AD	
6628	AD	
6635	AD	
6640	AD	
29887	AR	
57231	AR	
55084	AR	
6647	AD,AR	
402381	AR	
6651	AD	
6652	AR	
6654	AD	
6655	AD	
50964	AD,AR	
6663	AD	
6664	AD	
64321	AD	
54345	AD,AR	
6657	AD	
6658	XL	
6659	AD	
6660	AD	
55553	AD	
6662	AD	
3431	AR	
121340	AR	
6678	AD,AR	
23111	AR	
6683	AD	
83893	AR	
166378	AR	
55812	AR	
23384	AD	
79925	AR	
10290	AR	
23013	AD	
80208	AR	
51324	AR	
6687	AR	
6690	AD	
6691	AR	
11005	AR	
10653	AD	
124976	AR	
8405	AD	
6697	AR	
161742	AD	
10253	AD	
81848	AD	
6708	AD,AR	
6709	AD	
6710	AD,AR	
6712	AD,AR	
57731	AR	
10558	AD	
9517	AD	
84654	AR	
58472	AR	
8878	AD	
6714	AD	
10847	AD	
6716	AR	
79644	AR	
6720	AD	
6729	AD	
6731	AD	
27286	XL	
6742	AD	
6748	XL	
6755	AD	
6768	AR	
6487	AR	
8869	AR	
246329	AR	
10274	AD	
10735	XL	
10734	AR	
10617	AR	
6770	AR	
56910	AD	
6772	AD,AR	
6773	AR	
6774	AD	
6777	AD,AR	
55240	AD	
63932	XL	
6491	AR	
6786	AD,AR	
340061	AD	
6794	AD	
6789	AR	
79991	AR	
64220	AR	
92335	AR	
161497	AR	
412	XL	
3703	AR	
201595	AR	
10273	AD,AR	
8676	AR	
8675	AD	
112755	AD	
6812	AD	
6813	AR	
8803	AR	
8802	AR	
51684	AD	
79783	AR	
6820	AR	
285362	AR	
7341	AD	
140732	AR	
6821	AR	
6834	AR	
23512	AD	
374969	AR	
6840	AR	
93426	AR	
10388	AD	
50511	AD	
6853	XL	
23345	AD	
23224	AD	
163183	AR	
8831	AD	
8867	AR	
6855	XL	
6857	AD	
255928	AR	
127833	AD	
23334	AR	
23118	AD	
6866	AR	
51204	AR	
6870	AR	
4070	AR	
6872	XL	
6884	AR	
6873	AR	
6875	AR	
6878	AR	
6901	XL	
6888	AR	
26115	AD	
128989	AR	
6890	AR	
6891	AR	
6892	AR	
23435	AD	
6897	AR	
80222	AR	
50833	AD	
5726	AD	
55617	AR	
6898	AR	
128637	AR	
55773	AR	
57465	AD,AR	
23102	AR	
9882	AR	
51256	AR	
54885	XL	
6904	AR	
6905	AR	
93627	AR	
29110	AD	
6907	XL	
79718	AD	
6908	AD,AR	
10716	AD	
6899	AD	
6913	AR	
9096	AD	
9095	AR	
6909	AD	
57057	AD	
50945	XL	
6926	AD	
9496	AD	
6910	AD	
6911	AD,AR	
6915	AD	
6916	AR	
6862	AD	
8557	AD,AR	
6938	AD	
6942	AD	
6929	AD	
6925	AD	
7062	AR	
10312	AR	
6948	AR	
6949	AD	
79600	AR	
79867	AR	
26123	AR	
6997	AD	
6999	AD	
55775	AR	
51567	AR	
23424	AR	
122402	AR	
7003	AD	
9895	AR	
9524	AR	
253017	AR	
7007	AD,AR	
7010	AD	
9894	AR	
10178	AR	
55714	AR	
26011	AD	
55603	AR	
7012	AD	
7015	AD,AR	
54790	AR	
200424	AD,AR	
56159	XL	
56155	AR	
56154	AR	
7018	AR	
7019	AR	
7020	AD	
7021	AD	
10342	AR	
7036	AR	
7037	AR	
7038	AR	
23483	AR	
7040	AD,AR	
7042	AD	
7043	AD	
7045	AD	
7046	AD	
7048	AD	
7050	AD	
7051	AR	
7053	AR	
9333	AR	
343641	AD	
7054	AR	
55145	AD	
7056	AD	
54974	AR	
57187	XL	
79228	AR	
7066	AD	
7067	AD	
7068	AD,AR	
55901	AD	
7072	AD	
148022	AD,AR	
29928	AR	
92609	AR	
1678	XL	
51300	AR	
7078	AD	
26277	AD	
9414	AR	
7084	AR	
26007	AR	
7086	AR	
79816	AR	
11011	AD	
7092	AD	
7098	AD,AR	
51284	XL	
79853	AD	
117531	AR	
11322	AR	
147138	AR	
54499	AR	
54664	AR	
84314	AR	
84233	AR	
55863	AR	
55654	AD	
124842	AR	
51524	AR	
55858	AR	
147007	AR	
51259	AR	
79583	AR	
65062	AR	
339453	AD	
26175	AR	
54916	AR	
55151	AR	
79188	AD	
9725	AD	
91147	AR	
54968	AR	
9772	AR	
26022	AD	
259236	AR	
55217	AD	
7112	AD	
5651	AR	
64699	AR	
164656	AR	
160418	AR	
51075	AR	
3371	AD	
7128	AD	
8795	AD	
8792	AD,AR	
4982	AR	
23495	AD,AR	
115650	AR	
7132	AD	
7293	AR	
8600	AR	
23043	AR	
7134	AD	
7136	AD	
7137	AD,AR	
51086	AD	
7138	AR	
7139	AD	
7140	AD	
23534	AD	
27327	AD	
23112	AD	
7148	AD,AR	
114034	AR	
23116	AR	
4796	AR	
7156	AR	
10210	AD	
1861	AD,AR	
26092	AR	
163590	AR	
7157	AD	
112858	AR	
8626	AD	
219931	AD	
7167	AR	
27010	AR	
7168	AD	
7169	AD	
7170	AD	
7172	AR	
7173	AR	
1200	AR	
7174	AR	
51002	AR	
286262	AR	
7177	AD	
28755	AR	
7187	AD	
26146	AR	
10758	AR	
84231	AD	
10293	AR	
22906	AR	
10131	AR	
60684	AR	
51112	AR	
55262	AR	
6399	XL	
51693	AR	
51399	AR	
122553	AR	
83696	AR	
10345	AR	
11181	AR	
54209	AR	
11277	AD,AR	
7201	AR	
23321	AR	
22954	AR	
55521	AR	
4591	AR	
54765	AD	
131405	AD	
7204	AD	
11078	AR	
9321	AR	
9320	AD	
9319	AR	
9325	AR	
54802	AR	
55621	AR	
93587	AR	
54931	AR	
57570	AR	
55687	AR	
51095	AR	
8989	AD	
7222	AD	
7225	AD	
4308	AR	
54795	AD	
140803	AR	
7227	AD	
162514	AD	
59341	AD	
8295	AD	
7248	AD	
7249	AD	
116461	AR	
80746	AR	
79042	AR	
283989	AR	
10102	AR	
80705	AR	
7252	AR	
7253	AD,AR	
10194	AD	
23554	AD,AR	
7102	XL	
54084	AR	
7259	AR	
90121	XL	
146057	AD	
54970	AR	
54902	AR	
79809	AR	
83894	AR	
9652	AR	
91875	AR	
57217	AR	
123016	AR	
80185	AR	
23093	AR	
7273	AD	
7274	AR	
7276	AD	
7275	AR	
7846	AD	
113457	AD	
7277	AD	
51807	AR	
203068	AD	
81027	AD	
7280	AD	
347733	AD	
10381	AD,AR	
10382	AD	
10383	AD	
84617	AD	
347688	AD	
7283	AD	
10844	AR	
27229	AR	
85378	AR	
7284	AR	
7287	AR	
7991	AR	
7291	AD	
117581	AD,AR	
56652	AR	
25828	AR	
10907	AR	
10587	AR	
7297	AR	
1890	AR	
7299	AR	
7305	AR	
7306	AR	
7317	XL	
79876	AR	
51271	AD	
7319	XL	
29089	AR	
7337	AD	
89910	AR	
29914	AD	
29978	XL	
197131	AR	
55148	AR	
7343	AD	
7345	AD	
51506	AR	
51569	AR	
55325	AD	
7358	AR	
7360	AR	
54658	AD,AR	
7369	AD	
7372	AR	
9094	AR	
201294	AR	
146862	AD	
285175	AR	
81622	AR	
7374	AD	
51733	AR	
65109	XL	
7380	AD	
84300	AR	
790955	AR	
7381	AR	
7384	AD	
7385	AR	
7386	AR	
27089	AR	
131669	AR	
7389	AD,AR	
7390	AR	
79650	AR	
10083	AR	
124590	AR	
7399	AR	
11274	AR	
389856	XL	
85015	AR	
7874	AD	
8239	XL	
84916	AR	
57654	AR	
55697	AR	
6843	AR	
6844	AD	
81839	AD	
57216	AD	
9217	AD	
7407	AR	
57176	AR	
11023	AR	
1462	AD	
7414	AD	
7415	AD	
7421	AD,AR	
7424	AD	
7428	AD,AR	
7431	AD	
63894	AR	
79001	AD,AR	
7436	AR	
203547	XL	
55823	AR	
23230	AR	
157680	AR	
54832	AR	
55187	AR	
64601	AD,AR	
65082	AR	
55737	AD	
137492	AR	
23339	AD	
11311	AR	
27183	AD	
738	AR	
55275	AR	
7443	AR	
30813	AD	
338917	AR	
64856	AR	
200403	AR	
7450	AD	
51322	AD	
7453	AD	
10352	AR	
7454	XL	
8936	AD	
23325	AR	
9897	AD,AR	
51729	AD	
23558	AR	
23001	AD	
51057	AR	
55717	AD	
57728	AD,AR	
80232	AD	
57539	AR	
22884	AD	
10785	AR	
11152	XL	
56270	AR	
284403	AR	
256764	AR	
84942	AR	
124997	AR	
494551	AR	
7466	AR	
25861	AR	
7456	AR	
26100	AR	
65125	AD,AR	
65266	AD	
7471	AD,AR	
80326	AR	
7480	AD,AR	
7482	AR	
7473	AR	
54361	AD,AR	
7474	AD	
7476	AR	
55135	AR	
7486	AR	
7490	AD	
51741	AR	
7498	AR	
331	XL	
7503	XL	
7504	XL	
7507	AR	
7508	AR	
7512	XL	
63929	AR	
9213	AD	
7515	AR	
7516	AR	
7518	AR	
64131	AR	
64132	AR	
10413	AD	
8565	AD	
51067	AR	
55689	AD	
90522	AR	
81555	AR	
10730	AR	
7532	AD	
7534	AD	
7528	AD	
55249	AR	
7535	AR	
27107	AR	
7704	AR	
10472	AD	
26137	AD	
9841	AR	
100128927	AR	
79882	AR	
55906	XL	
55596	AD	
158866	XL	
51114	XL	
6935	AD	
9839	AD	
85446	AD	
346171	AD	
23414	AD	
23503	AR	
118813	AD	
7545	AD	
7546	AD	
7547	XL	
23619	AD	
57178	AD	
10269	AD,AR	
51364	AR	
10771	AD	
84225	AR	
7700	AR	
7701	AR	
7707	AD	
23036	AD	
63925	AR	
84905	AR	
79797	AD,AR	
7592	XL	
23090	AD,AR	
58499	AD	
84627	AR	
147657	AD	
130557	AR	
147929	AD	
9640	AR	
84146	AD	
641339	XL	
57592	AD	
7552	XL	
79755	AD	
347344	XL	
9326	AR	
22917	AR	
7783	AR	
7784	AD	
8882	AR	
57688	AD	
